domain,repository_url
bsmarinetoiletrepair.com,https://github.com/kingsdigitall/bsmarinetoiletrepair.com-.git
bisonfenceidaho.com,https://github.com/kingsdigitall/bisonfenceidaho.com-.git
completedisposal.net,https://github.com/kingsgrimbyte/cedar-park-dumpster-rental-specialists.git
junkhaulingriverside.com,https://github.com/kingsgrimbyte/riverside-dumpster-rental-pros.git
certifiedroofingandsiding.com,https://github.com/kingsgrimbyte/certified-roofing--siding.git
americansandblastingfl.com,https://github.com/kingsdigitall/americansandblastingfl.com-.git
michaelsplumbingservices.com,https://github.com/kingsgrimbyte/michaels-plumbing-services.git
haywardplumber94541.com,https://github.com/kingsgrimbyte/hayward-plumber.git
affordableroofingyorkpa.com,https://github.com/kingsdigitall/affordableroofing.git
gottagoportabletoilets.com,https://github.com/choprajan11/gotta-go-portable-toilets.git
vrdumpster.com,https://github.com/kingsdigitall/vrdumpster
vanguardsanitationsiteservices.com,https://github.com/kingsgrimbyte/vanguard-sanitation-and-portable-toilet-services.git
llmoldremediation.com,https://github.com/kingsgrimbyte/ll-mold-remediation--water-restoration.git
assurewaste.com,https://github.com/kingsgrimbyte/san-jose-dumpster-rental-pros.git
jahproroofingllc.com,https://github.com/kingsgrimbyte/jahpro-roofing-llc.git
allinrentadumpster.com,https://github.com/kingsgrimbyte/naperville-dumpster-rental-pros.git
royal1restoration.com,https://github.com/kingsgrimbyte/royal1-water-damage-restoration.git
whittsplumbing.com,https://github.com/kingsgrimbyte/whitts-plumbing.git
24-7waterdamagerestorations.com,https://github.com/kingsgrimbyte/247-water-damage-restorations.git
losindiosportabletoilets.com,https://github.com/choprajan11/los-indios-portable-toilets.git
cmstoiletrentalandsepticpumping.com,https://github.com/kingsdigitall/cmstoiletrentalandsepticpumping.com-/
reliablethewoodlandsplumber.com,https://github.com/kingsgrimbyte/reliable-plumbers.git
huntingtonbeachroofingpros.com,https://github.com/kingsdigitall/HB-Roofing-Pros.git
bigsargejunkremoval.com,https://github.com/kingsgrimbyte/big-sarge-junk-removal.git
ibroofingca.com,https://github.com/kingsgrimbyte/ib-roofing.git
orlandowaterrestorations.com,https://github.com/kingsgrimbyte/orlando-water-restorations-pros.git
floodrunners.com,https://github.com/kingsgrimbyte/flood-runners.git
fireanddamagerestoration.net,https://github.com/kingsgrimbyte/fire-and-damage-restoration.git
flooddamagetustin.com,https://github.com/kingsgrimbyte/flood-damage-tustin.git
aportapottyrentalalagordo.com,https://github.com/kingsgrimbyte/porta-potty-rental-syracruse.git
5cslouisville.com,https://github.com/kingsdigitall/5cslouisville.com.git
alpharoofinginc.net,https://github.com/kingsdigitall/alpharoofinginc.net.git
akronrestorationexperts.com,https://github.com/kingsgrimbyte/akron-best-water-damage-restoration-experts.git
3d-plumbing.com,https://github.com/kingsgrimbyte/3d-plumbing.git
certitechcleaningandrestoration.com,https://github.com/kingsgrimbyte/pine-bush-cleaning--damage-restoration-experts.git
waterdamagerestorationplus.com,https://github.com/kingsgrimbyte/water-damage-restoration-plus.git
donssewerservice.com,https://github.com/choprajan11/texas-sewer-line-repair--replacement-experts.git
247sterlingheightsrestoration.com,https://github.com/kingsgrimbyte/sterling-heights-247-water-damage-restoration-experts-.git
allroundrepairandmore.com,https://github.com/kingsgrimbyte/all-round-repair-experts.git
aandbfence.net,https://github.com/kingsdigitall/aandbfence.net.git
kingdomrestorationca.com,https://github.com/kingsgrimbyte/kingdom-restoration.git
bobmoritzreliableplumbingandservice.com,https://github.com/kingsdigitall/bobmoritzreliableplumbingandservice.com.git
junkhaulingriverside.com,https://github.com/choprajan11/riverside-dumpster-rental-pros.git
luxdiamond.com,https://github.com/kingsgrimbyte/diamond-jwellery.git
hermosabeachflooddamage.com,https://github.com/kingsgrimbyte/hermosa-beach-flood-damage.git
californiaroofsavers.net,https://github.com/kingsdigitall/CaliforniaRoofSavers.net.git
homelandroofingllc.com,https://github.com/kingsgrimbyte/homeland-roofing-llc.git
hauteportapottyrental.com,https://github.com/kingsgrimbyte/haute-porta-potty-rental.git
veteransemergencywaterdamage.com,https://github.com/kingsgrimbyte/veterans-emergency-water-damage.git
aahaulingroseville.com,https://github.com/kingsdigitall/aahaulingroseville.com
allprorolloff.com,https://github.com/kingsdigitall/AllProRollOff.com.git
tommysportatoilet.com,https://github.com/kingsgrimbyte/tommys-porta-toilet.git
rj-talbot-roofing-contracting.com,https://github.com/kingsgrimbyte/rj-talbot-roofing-contracting.git
caleak.com,https://github.com/kingsdigitall/caleak.com-.git
roofinginstallationhumble.com,https://github.com/kingsgrimbyte/roofing-installation-humble.git
bulldogplumbingllc.com,https://github.com/kingsdigitall/bulldogplumbingllc.com.git
amazingqualitycarpetcleaningandflood.com,https://github.com/kingsgrimbyte/amazing-quality-carpet-cleaning--flood.git
woollettplumbing.com,https://github.com/kingsgrimbyte/woollett-plumbing.git
broadviewheightsohplumbers.com,https://github.com/kingsgrimbyte/broadview-heights-plumbers.git
aidaspartysupply.com,https://github.com/choprajan11/massachusetts-bathroom-rental-pros.git
dumpsterrentalsofhouston.com,https://github.com/choprajan11/houston-dumpster-rental-pros.git
johnnyonthespotpp.com,https://github.com/choprajan11/porta-john-rental-illinois.git
accfencingco.com,https://github.com/kingsdigitall/accfencingco.com.git
cardinalplumbingsolutions.com,https://github.com/kingsgrimbyte/cardinal-plumbing-solutions.git
leewaterdamagerestoration.com,https://github.com/kingsgrimbyte/lee-water-damage-restoration.git
guyroofingcoinc.com,https://github.com/kingsgrimbyte/guy-roofing-coinc.git
funkypartyrentals.com,https://github.com/choprajan11/texas-portable-toilet-rental-pros.git
affordablefencehouston.com,https://github.com/kingsdigitall/affordablefencehouston.com.git
callfirstltd.com,https://github.com/kingsgrimbyte/call-first-ltd-.git
betterhomesroofing.com,https://github.com/kingsgrimbyte/better-homes-roofing.git
highuproofingllc.com,https://github.com/kingsgrimbyte/high-up-roofing-llc.git
eastsiderubbish.net,https://github.com/choprajan11/illinois-roll-off-dumpster-rental-specialists.git
affordableroofinginc.net,https://github.com/kingsgrimbyte/affordable-roofing-inc.git
bigdogdumpsters.net,https://github.com/kingsgrimbyte/big-dog-dumpsters.git
daynightjunkremovalllc.com,https://github.com/kingsgrimbyte/arizona-dumpster-rental-specialists.git
floodreclamation.com,https://github.com/kingsgrimbyte/flood-reclamation-experts.git
dumpsterrentalslubbock.com,https://github.com/kingsgrimbyte/dumpster-rentals-lubbock.git
correctplumbinganddrain.com,https://github.com/choprajan11/new-york-drain-cleaning-pros.git
bigdawgsdumpsteroh.com,https://github.com/kingsdigitall/bigdawgsdumpsteroh.com.git
aplussanitation.com,https://github.com/choprajan11/maryland-portable-toilet-rental-experts.git
OnCallFloodService.com,https://github.com/kingsgrimbyte/on-call-flood-service-experts.git
ameriwastenj.com,https://github.com/kingsdigitall/http-ameriwastenj.com.git
charliebonesservices.com,https://github.com/kingsgrimbyte/houston-water-heater-pros.git
cndrolloffsolution.com,https://github.com/kingsgrimbyte/indiana-roll-off-dumpster-rental.git
kingsportablethrones.com,https://github.com/choprajan11/kings-portable-thrones.git
stephanieromoroofing.com,https://github.com/kingsgrimbyte/stephanie-romo-roofing.git
bestroofinglongbeach.com,https://github.com/kingsdigitall/bestroofinglongbeach.com-.git
duracleanofmacon.net,https://github.com/kingsgrimbyte/macon-dura-clean-experts.git
richardsrestorationohio.com,https://github.com/kingsgrimbyte/richards-restoration-ohio.git
coastaltrailertrash.com,https://github.com/choprajan11/california-porta-potty-rental-pros.git
aquaroofingandrestoration.com,https://github.com/kingsgrimbyte/aqua-roofing-and-restoration.git
centralcoastcarpetcleaners.com,https://github.com/kingsgrimbyte/centralcoast-carpet-cleaners.git
lesliessepticservice.com,https://github.com/kingsgrimbyte/leslies-septic-services-galeton.git
alvaradoplumbingsantamaria.com,https://github.com/kingsdigitall/http-alvaradoplumbingsantamaria.com-.git
force1restorationfl.com,https://github.com/kingsgrimbyte/florida-water-damage-restoration-pros.git
aceplumbingofsyracuse.com,https://github.com/kingsdigitall/AcePlumbingOfSyracuse.com.git
plumbersomerville247.com,https://github.com/kingsgrimbyte/plumber-somerville.git
wdswaterdamagerepair.com,https://github.com/kingsgrimbyte/wds-water-damage-repair.git
dellerprosvc.com,https://github.com/kingsdigitall/http-dellerprosvc.com-.git
fandjportablesservices.com,https://github.com/choprajan11/colorado-portable-toilet-rental-pros.git
plumberinlongbeach.net,https://github.com/kingsgrimbyte/plumber-in-long-beach.git
whiteroofingcolorado.com,https://github.com/kingsgrimbyte/white-roofing.git
azfencepros.com,https://github.com/kingsgrimbyte/fence-pros.git
HoustonRestorationExperts.com,https://github.com/kingsgrimbyte/houston-restoration-experts.git
modwaterrestoration.com,https://github.com/kingsgrimbyte/mod-water-restoration.git
huntsrolloff.com,https://github.com/kingsgrimbyte/texas-dumpster-rental-experts.git
heightsroofing.net,https://github.com/kingsgrimbyte/heights-roofing.git
skyrestorationroofing.com,https://github.com/kingsgrimbyte/sky-restoration-roofing.git
northwestpremierroofing.com,https://github.com/kingsgrimbyte/north-west-premier-roofing.git
advancedqualityroofingaz.com,https://github.com/kingsdigitall/Advanced-Quality-Roofing.git
dennisrestoration.com,https://github.com/kingsgrimbyte/dennis-emergency-water--flood-damage-restoration-pros.git
kingsportablethrones.com,https://github.com/kingsgrimbyte/kings-portable-thrones.git
bpsroofingme.com,https://github.com/kingsgrimbyte/bps-roofing.git
papawspottys.com,https://github.com/kingsgrimbyte/texas-portable-toilet-services.git
discountplumberslaveenaz.com,https://github.com/kingsgrimbyte/discount-plumbers.git
activeplumbingsolutions.com,https://github.com/kingsgrimbyte/active-plumbing-solutions.git
junkbanditdumpsters.com,https://github.com/kingsgrimbyte/bandit-dumpster-rental-pros.git
misterplumberca.com,https://github.com/kingsgrimbyte/mister-plumber.git
theamericanfreedomplumber.com,https://github.com/kingsgrimbyte/the-american-freedom-plumber.git
blackforestmold.com,https://github.com/kingsgrimbyte/black-forest-mold-remediation-pros.git
hess-septiccleaning.com,https://github.com/choprajan11/florida-portable-toilet-rental-specialists.git
eagledumpsterstampa.com,https://github.com/kingsgrimbyte/tampa-dumpster-rental-pros.git
Affordable-Roofing.net,https://github.com/kingsdigitall/affordable-roofing.net-.git
americanrestorationroofing.com,https://github.com/kingsgrimbyte/american-restoration-roofing.git
fenceprosc.com,https://github.com/kingsdigitall/fencing-site.git
kcconstructionroofing.com,https://github.com/kingsgrimbyte/kc-construction-roofing.git
yourroofcleaner.com,https://github.com/kingsdigitall/roofing.git
azaroofing.com,https://github.com/kingsdigitall/azaroofing.com-.git
circlevisionrestoration.com,https://github.com/kingsgrimbyte/circle-vision-water-damage-restoration.git
americanrolloffandrecycling.com,https://github.com/kingsdigitall/https-americanrolloffandrecycling.com-.git
castrovalleyfencingcontractor.com,https://github.com/kingsdigitall/CastrovalleyFencingContractor.com.git
allamericandumpsterservicellc.com,https://github.com/kingsdigitall/allamericandumpsterservicellc.com.git
desertjunkremovalaz.com,https://github.com/kingsgrimbyte/desert-junk-removal.git
litchfieldplumber.com,https://github.com/kingsgrimbyte/litchfield-plumber.git
centralindianaroofingandrestoration.com,https://github.com/kingsgrimbyte/central-indiana-roofing--restoration.git
gogreenrestoration-nj.com,https://github.com/kingsgrimbyte/go-green-restoration-new-jersey.git
allseasonsroofingor.net,https://github.com/kingsgrimbyte/all-seasons-roofing.git
damagerestorationeugene.com,https://github.com/kingsgrimbyte/eugene-water-damage-restoration-experts.git
merazroofinginc.net,https://github.com/kingsgrimbyte/meraz-roofing-inc.git
atlasplumbersbuckeye.com,https://github.com/kingsgrimbyte/atlas-plumbers-buckeye.git
kingsportablethrones.com,https://github.com/kingsgrimbyte/kings-portable-toilet-rental.git
allfloodservices.com,https://github.com/kingsgrimbyte/all-flood-services.git
fmportapottyrentals.com,https://github.com/kingsgrimbyte/porta-john-rental-columbus.git